,ImageID,LabelName,XMin,XMax,YMin,YMax
0,apple_fuji_L_77-21_1TOP,high,0,1000,0,1000
1,apple_fuji_L_77-22_2FR45,high,0,1000,0,1000
2,apple_fuji_L_77-23_3FR90,high,0,1000,0,1000
3,apple_fuji_L_77-24_4DI45,high,0,1000,0,1000
4,apple_fuji_L_77-25_5DI90,high,0,1000,0,1000
5,apple_fuji_L_77-26_1TOP,high,0,1000,0,1000
6,apple_fuji_L_77-27_2FR45,high,0,1000,0,1000
7,apple_fuji_L_77-28_3FR90,high,0,1000,0,1000
8,apple_fuji_L_77-29_4DI45,high,0,1000,0,1000
9,apple_fuji_L_77-30_5DI90,high,0,1000,0,1000
10,apple_fuji_L_77-31_1TOP,high,0,1000,0,1000
11,apple_fuji_L_77-32_2FR45,high,0,1000,0,1000
12,apple_fuji_L_77-33_3FR90,high,0,1000,0,1000
13,apple_fuji_L_77-34_4DI45,high,0,1000,0,1000
14,apple_fuji_L_77-35_5DI90,high,0,1000,0,1000
15,apple_fuji_L_77-36_1TOP,high,0,1000,0,1000
16,apple_fuji_L_77-37_2FR45,high,0,1000,0,1000
17,apple_fuji_L_77-38_3FR90,high,0,1000,0,1000
18,apple_fuji_L_77-39_4DI45,high,0,1000,0,1000
19,apple_fuji_L_77-40_5DI90,high,0,1000,0,1000
20,apple_fuji_L_78-10_5DI90,high,0,1000,0,1000
21,apple_fuji_L_78-11_1TOP,high,0,1000,0,1000
22,apple_fuji_L_78-12_2FR45,high,0,1000,0,1000
23,apple_fuji_L_78-13_3FR90,high,0,1000,0,1000
24,apple_fuji_L_78-14_4DI45,high,0,1000,0,1000
25,apple_fuji_L_78-15_5DI90,high,0,1000,0,1000
26,apple_fuji_L_78-16_1TOP,high,0,1000,0,1000
27,apple_fuji_L_78-17_2FR45,high,0,1000,0,1000
28,apple_fuji_L_78-18_3FR90,high,0,1000,0,1000
29,apple_fuji_L_78-19_4DI45,high,0,1000,0,1000
30,apple_fuji_L_78-1_1TOP,high,0,1000,0,1000
31,apple_fuji_L_78-20_5DI90,high,0,1000,0,1000
32,apple_fuji_L_78-21_1TOP,high,0,1000,0,1000
33,apple_fuji_L_78-22_2FR45,high,0,1000,0,1000
34,apple_fuji_L_78-23_3FR90,high,0,1000,0,1000
35,apple_fuji_L_78-24_4DI45,high,0,1000,0,1000
36,apple_fuji_L_78-25_5DI90,high,0,1000,0,1000
37,apple_fuji_L_78-26_1TOP,high,0,1000,0,1000
38,apple_fuji_L_78-27_2FR45,high,0,1000,0,1000
39,apple_fuji_L_78-28_3FR90,high,0,1000,0,1000
40,apple_fuji_L_78-29_4DI45,high,0,1000,0,1000
41,apple_fuji_L_78-2_2FR45,high,0,1000,0,1000
42,apple_fuji_L_78-30_5DI90,high,0,1000,0,1000
43,apple_fuji_L_78-31_1TOP,high,0,1000,0,1000
44,apple_fuji_L_78-32_2FR45,high,0,1000,0,1000
45,apple_fuji_L_78-33_3FR90,high,0,1000,0,1000
46,apple_fuji_L_78-34_4DI45,high,0,1000,0,1000
47,apple_fuji_L_78-35_5DI90,high,0,1000,0,1000
48,apple_fuji_L_78-36_1TOP,high,0,1000,0,1000
49,apple_fuji_L_78-37_2FR45,high,0,1000,0,1000
50,apple_fuji_L_78-38_3FR90,high,0,1000,0,1000
51,apple_fuji_L_78-39_4DI45,high,0,1000,0,1000
52,apple_fuji_L_78-3_3FR90,high,0,1000,0,1000
53,apple_fuji_L_78-40_5DI90,high,0,1000,0,1000
54,apple_fuji_L_78-4_4DI45,high,0,1000,0,1000
55,apple_fuji_L_78-5_5DI90,high,0,1000,0,1000
56,apple_fuji_L_78-6_1TOP,high,0,1000,0,1000
57,apple_fuji_L_78-7_2FR45,high,0,1000,0,1000
58,apple_fuji_L_78-8_3FR90,high,0,1000,0,1000
59,apple_fuji_L_78-9_4DI45,high,0,1000,0,1000
60,apple_fuji_L_79-10_5DI90,high,0,1000,0,1000
61,apple_fuji_L_79-11_1TOP,high,0,1000,0,1000
62,apple_fuji_L_79-12_2FR45,high,0,1000,0,1000
63,apple_fuji_L_79-13_3FR90,high,0,1000,0,1000
64,apple_fuji_L_79-14_4DI45,high,0,1000,0,1000
65,apple_fuji_L_79-15_5DI90,high,0,1000,0,1000
66,apple_fuji_L_79-16_1TOP,high,0,1000,0,1000
67,apple_fuji_L_79-17_2FR45,high,0,1000,0,1000
68,apple_fuji_L_79-18_3FR90,high,0,1000,0,1000
69,apple_fuji_L_79-19_4DI45,high,0,1000,0,1000
70,apple_fuji_L_79-1_1TOP,high,0,1000,0,1000
71,apple_fuji_L_79-20_5DI90,high,0,1000,0,1000
72,apple_fuji_L_79-21_1TOP,high,0,1000,0,1000
73,apple_fuji_L_79-22_2FR45,high,0,1000,0,1000
74,apple_fuji_L_79-23_3FR90,high,0,1000,0,1000
75,apple_fuji_L_79-24_4DI45,high,0,1000,0,1000
76,apple_fuji_L_79-25_5DI90,high,0,1000,0,1000
77,apple_fuji_L_79-26_1TOP,high,0,1000,0,1000
78,apple_fuji_L_79-27_2FR45,high,0,1000,0,1000
79,apple_fuji_L_79-28_3FR90,high,0,1000,0,1000
80,apple_fuji_L_79-29_4DI45,high,0,1000,0,1000
81,apple_fuji_L_79-2_2FR45,high,0,1000,0,1000
82,apple_fuji_L_79-30_5DI90,high,0,1000,0,1000
83,apple_fuji_L_79-31_1TOP,high,0,1000,0,1000
84,apple_fuji_L_79-32_2FR45,high,0,1000,0,1000
85,apple_fuji_L_79-33_3FR90,high,0,1000,0,1000
86,apple_fuji_L_79-34_4DI45,high,0,1000,0,1000
87,apple_fuji_L_79-35_5DI90,high,0,1000,0,1000
88,apple_fuji_L_79-36_1TOP,high,0,1000,0,1000
89,apple_fuji_L_79-37_2FR45,high,0,1000,0,1000
90,apple_fuji_L_79-38_3FR90,high,0,1000,0,1000
91,apple_fuji_L_79-39_4DI45,high,0,1000,0,1000
92,apple_fuji_L_79-3_3FR90,high,0,1000,0,1000
93,apple_fuji_L_79-40_5DI90,high,0,1000,0,1000
94,apple_fuji_L_79-4_4DI45,high,0,1000,0,1000
95,apple_fuji_L_79-5_5DI90,high,0,1000,0,1000
96,apple_fuji_L_79-6_1TOP,high,0,1000,0,1000
97,apple_fuji_L_79-7_2FR45,high,0,1000,0,1000
98,apple_fuji_L_79-8_3FR90,high,0,1000,0,1000
99,apple_fuji_L_79-9_4DI45,high,0,1000,0,1000
100,apple_fuji_L_80-10_5DI90,high,0,1000,0,1000
101,apple_fuji_L_80-11_1TOP,high,0,1000,0,1000
102,apple_fuji_L_80-12_2FR45,high,0,1000,0,1000
103,apple_fuji_L_80-13_3FR90,high,0,1000,0,1000
104,apple_fuji_L_80-14_4DI45,high,0,1000,0,1000
105,apple_fuji_L_80-15_5DI90,high,0,1000,0,1000
106,apple_fuji_L_80-16_1TOP,high,0,1000,0,1000
107,apple_fuji_L_80-17_2FR45,high,0,1000,0,1000
108,apple_fuji_L_80-18_3FR90,high,0,1000,0,1000
109,apple_fuji_L_80-19_4DI45,high,0,1000,0,1000
110,apple_fuji_L_80-1_1TOP,high,0,1000,0,1000
111,apple_fuji_L_80-20_5DI90,high,0,1000,0,1000
112,apple_fuji_L_80-21_1TOP,high,0,1000,0,1000
113,apple_fuji_L_80-22_2FR45,high,0,1000,0,1000
114,apple_fuji_L_80-23_3FR90,high,0,1000,0,1000
115,apple_fuji_L_80-24_4DI45,high,0,1000,0,1000
116,apple_fuji_L_80-25_5DI90,high,0,1000,0,1000
117,apple_fuji_L_80-26_1TOP,high,0,1000,0,1000
118,apple_fuji_L_80-27_2FR45,high,0,1000,0,1000
119,apple_fuji_L_80-28_3FR90,high,0,1000,0,1000
120,apple_fuji_L_80-29_4DI45,high,0,1000,0,1000
121,apple_fuji_L_80-2_2FR45,high,0,1000,0,1000
122,apple_fuji_L_80-30_5DI90,high,0,1000,0,1000
123,apple_fuji_L_80-31_1TOP,high,0,1000,0,1000
124,apple_fuji_L_80-32_2FR45,high,0,1000,0,1000
125,apple_fuji_L_80-33_3FR90,high,0,1000,0,1000
126,apple_fuji_L_80-34_4DI45,high,0,1000,0,1000
127,apple_fuji_L_80-35_5DI90,high,0,1000,0,1000
128,apple_fuji_L_80-36_1TOP,high,0,1000,0,1000
129,apple_fuji_L_80-37_2FR45,high,0,1000,0,1000
130,apple_fuji_L_80-38_3FR90,high,0,1000,0,1000
131,apple_fuji_L_80-39_4DI45,high,0,1000,0,1000
132,apple_fuji_L_80-3_3FR90,high,0,1000,0,1000
133,apple_fuji_L_80-40_5DI90,high,0,1000,0,1000
134,apple_fuji_L_80-4_4DI45,high,0,1000,0,1000
135,apple_fuji_L_80-5_5DI90,high,0,1000,0,1000
136,apple_fuji_L_80-6_1TOP,high,0,1000,0,1000
137,apple_fuji_L_80-7_2FR45,high,0,1000,0,1000
138,apple_fuji_L_80-8_3FR90,high,0,1000,0,1000
139,apple_fuji_L_80-9_4DI45,high,0,1000,0,1000
140,apple_fuji_L_81-10_5DI90,high,0,1000,0,1000
141,apple_fuji_L_81-11_1TOP,high,0,1000,0,1000
142,apple_fuji_L_81-12_2FR45,high,0,1000,0,1000
143,apple_fuji_L_81-13_3FR90,high,0,1000,0,1000
144,apple_fuji_L_81-14_4DI45,high,0,1000,0,1000
145,apple_fuji_L_81-15_5DI90,high,0,1000,0,1000
146,apple_fuji_L_81-16_1TOP,high,0,1000,0,1000
147,apple_fuji_L_81-17_2FR45,high,0,1000,0,1000
148,apple_fuji_L_81-18_3FR90,high,0,1000,0,1000
149,apple_fuji_L_81-19_4DI45,high,0,1000,0,1000
150,apple_fuji_L_81-1_1TOP,high,0,1000,0,1000
151,apple_fuji_L_81-20_5DI90,high,0,1000,0,1000
152,apple_fuji_L_81-21_1TOP,high,0,1000,0,1000
153,apple_fuji_L_81-22_2FR45,high,0,1000,0,1000
154,apple_fuji_L_81-23_3FR90,high,0,1000,0,1000
155,apple_fuji_L_81-24_4DI45,high,0,1000,0,1000
156,apple_fuji_L_81-25_5DI90,high,0,1000,0,1000
157,apple_fuji_L_81-26_1TOP,high,0,1000,0,1000
158,apple_fuji_L_81-27_2FR45,high,0,1000,0,1000
159,apple_fuji_L_81-28_3FR90,high,0,1000,0,1000
160,apple_fuji_L_81-29_4DI45,high,0,1000,0,1000
161,apple_fuji_L_81-2_2FR45,high,0,1000,0,1000
162,apple_fuji_L_81-30_5DI90,high,0,1000,0,1000
163,apple_fuji_L_81-31_1TOP,high,0,1000,0,1000
164,apple_fuji_L_81-32_2FR45,high,0,1000,0,1000
165,apple_fuji_L_81-33_3FR90,high,0,1000,0,1000
166,apple_fuji_L_81-34_4DI45,high,0,1000,0,1000
167,apple_fuji_L_81-35_5DI90,high,0,1000,0,1000
168,apple_fuji_L_81-36_1TOP,high,0,1000,0,1000
169,apple_fuji_L_81-37_2FR45,high,0,1000,0,1000
170,apple_fuji_L_81-38_3FR90,high,0,1000,0,1000
171,apple_fuji_L_81-39_4DI45,high,0,1000,0,1000
172,apple_fuji_L_81-3_3FR90,high,0,1000,0,1000
173,apple_fuji_L_81-40_5DI90,high,0,1000,0,1000
174,apple_fuji_L_81-4_4DI45,high,0,1000,0,1000
175,apple_fuji_L_81-5_5DI90,high,0,1000,0,1000
176,apple_fuji_L_81-6_1TOP,high,0,1000,0,1000
177,apple_fuji_L_81-7_2FR45,high,0,1000,0,1000
178,apple_fuji_L_81-8_3FR90,high,0,1000,0,1000
179,apple_fuji_L_81-9_4DI45,high,0,1000,0,1000
180,apple_fuji_L_82-10_5DI90,high,0,1000,0,1000
181,apple_fuji_L_82-11_1TOP,high,0,1000,0,1000
182,apple_fuji_L_82-12_2FR45,high,0,1000,0,1000
183,apple_fuji_L_82-13_3FR90,high,0,1000,0,1000
184,apple_fuji_L_82-14_4DI45,high,0,1000,0,1000
185,apple_fuji_L_82-15_5DI90,high,0,1000,0,1000
186,apple_fuji_L_82-16_1TOP,high,0,1000,0,1000
187,apple_fuji_L_82-17_2FR45,high,0,1000,0,1000
188,apple_fuji_L_82-18_3FR90,high,0,1000,0,1000
189,apple_fuji_L_82-19_4DI45,high,0,1000,0,1000
190,apple_fuji_L_82-1_1TOP,high,0,1000,0,1000
191,apple_fuji_L_82-20_5DI90,high,0,1000,0,1000
192,apple_fuji_L_82-21_1TOP,high,0,1000,0,1000
193,apple_fuji_L_82-22_2FR45,high,0,1000,0,1000
194,apple_fuji_L_82-23_3FR90,high,0,1000,0,1000
195,apple_fuji_L_82-24_4DI45,high,0,1000,0,1000
196,apple_fuji_L_82-25_5DI90,high,0,1000,0,1000
197,apple_fuji_L_82-26_1TOP,high,0,1000,0,1000
198,apple_fuji_L_82-27_2FR45,high,0,1000,0,1000
199,apple_fuji_L_82-28_3FR90,high,0,1000,0,1000
200,apple_fuji_L_82-29_4DI45,high,0,1000,0,1000
201,apple_fuji_L_82-2_2FR45,high,0,1000,0,1000
202,apple_fuji_L_82-30_5DI90,high,0,1000,0,1000
203,apple_fuji_L_82-31_1TOP,high,0,1000,0,1000
204,apple_fuji_L_82-32_2FR45,high,0,1000,0,1000
205,apple_fuji_L_82-33_3FR90,high,0,1000,0,1000
206,apple_fuji_L_82-34_4DI45,high,0,1000,0,1000
207,apple_fuji_L_82-35_5DI90,high,0,1000,0,1000
208,apple_fuji_L_82-36_1TOP,high,0,1000,0,1000
209,apple_fuji_L_82-37_2FR45,high,0,1000,0,1000
210,apple_fuji_L_82-38_3FR90,high,0,1000,0,1000
211,apple_fuji_L_82-39_4DI45,high,0,1000,0,1000
212,apple_fuji_L_82-3_3FR90,high,0,1000,0,1000
213,apple_fuji_L_82-40_5DI90,high,0,1000,0,1000
214,apple_fuji_L_82-4_4DI45,high,0,1000,0,1000
215,apple_fuji_L_82-5_5DI90,high,0,1000,0,1000
216,apple_fuji_L_82-6_1TOP,high,0,1000,0,1000
217,apple_fuji_L_82-7_2FR45,high,0,1000,0,1000
218,apple_fuji_L_82-8_3FR90,high,0,1000,0,1000
219,apple_fuji_L_82-9_4DI45,high,0,1000,0,1000
220,apple_fuji_L_83-10_5DI90,high,0,1000,0,1000
221,apple_fuji_L_83-11_1TOP,high,0,1000,0,1000
222,apple_fuji_L_83-12_2FR45,high,0,1000,0,1000
223,apple_fuji_L_83-13_3FR90,high,0,1000,0,1000
224,apple_fuji_L_83-14_4DI45,high,0,1000,0,1000
225,apple_fuji_L_83-15_5DI90,high,0,1000,0,1000
226,apple_fuji_L_83-16_1TOP,high,0,1000,0,1000
227,apple_fuji_L_83-17_2FR45,high,0,1000,0,1000
228,apple_fuji_L_83-18_3FR90,high,0,1000,0,1000
229,apple_fuji_L_83-19_4DI45,high,0,1000,0,1000
230,apple_fuji_L_83-1_1TOP,high,0,1000,0,1000
231,apple_fuji_L_83-20_5DI90,high,0,1000,0,1000
232,apple_fuji_L_83-21_1TOP,high,0,1000,0,1000
233,apple_fuji_L_83-22_2FR45,high,0,1000,0,1000
234,apple_fuji_L_83-23_3FR90,high,0,1000,0,1000
235,apple_fuji_L_83-24_4DI45,high,0,1000,0,1000
236,apple_fuji_L_83-25_5DI90,high,0,1000,0,1000
237,apple_fuji_L_83-26_1TOP,high,0,1000,0,1000
238,apple_fuji_L_83-27_2FR45,high,0,1000,0,1000
239,apple_fuji_L_83-28_3FR90,high,0,1000,0,1000
240,apple_fuji_L_83-29_4DI45,high,0,1000,0,1000
241,apple_fuji_L_83-2_2FR45,high,0,1000,0,1000
242,apple_fuji_L_83-30_5DI90,high,0,1000,0,1000
243,apple_fuji_L_83-31_1TOP,high,0,1000,0,1000
244,apple_fuji_L_83-32_2FR45,high,0,1000,0,1000
245,apple_fuji_L_83-33_3FR90,high,0,1000,0,1000
246,apple_fuji_L_83-34_4DI45,high,0,1000,0,1000
247,apple_fuji_L_83-35_5DI90,high,0,1000,0,1000
248,apple_fuji_L_83-36_1TOP,high,0,1000,0,1000
249,apple_fuji_L_83-37_2FR45,high,0,1000,0,1000
250,apple_fuji_L_83-38_3FR90,high,0,1000,0,1000
251,apple_fuji_L_83-39_4DI45,high,0,1000,0,1000
252,apple_fuji_L_83-3_3FR90,high,0,1000,0,1000
253,apple_fuji_L_83-40_5DI90,high,0,1000,0,1000
254,apple_fuji_L_83-4_4DI45,high,0,1000,0,1000
255,apple_fuji_L_83-5_5DI90,high,0,1000,0,1000
256,apple_fuji_L_83-6_1TOP,high,0,1000,0,1000
257,apple_fuji_L_83-7_2FR45,high,0,1000,0,1000
258,apple_fuji_L_83-8_3FR90,high,0,1000,0,1000
259,apple_fuji_L_83-9_4DI45,high,0,1000,0,1000
260,apple_fuji_L_84-10_5DI90,high,0,1000,0,1000
261,apple_fuji_L_84-11_1TOP,high,0,1000,0,1000
262,apple_fuji_L_84-12_2FR45,high,0,1000,0,1000
263,apple_fuji_L_84-13_3FR90,high,0,1000,0,1000
264,apple_fuji_L_84-14_4DI45,high,0,1000,0,1000
265,apple_fuji_L_84-15_5DI90,high,0,1000,0,1000
266,apple_fuji_L_84-16_1TOP,high,0,1000,0,1000
267,apple_fuji_L_84-17_2FR45,high,0,1000,0,1000
268,apple_fuji_L_84-18_3FR90,high,0,1000,0,1000
269,apple_fuji_L_84-19_4DI45,high,0,1000,0,1000
270,apple_fuji_L_84-1_1TOP,high,0,1000,0,1000
271,apple_fuji_L_84-20_5DI90,high,0,1000,0,1000
272,apple_fuji_L_84-21_1TOP,high,0,1000,0,1000
273,apple_fuji_L_84-22_2FR45,high,0,1000,0,1000
274,apple_fuji_L_84-23_3FR90,high,0,1000,0,1000
275,apple_fuji_L_84-24_4DI45,high,0,1000,0,1000
276,apple_fuji_L_84-25_5DI90,high,0,1000,0,1000
277,apple_fuji_L_84-26_1TOP,high,0,1000,0,1000
278,apple_fuji_L_84-27_2FR45,high,0,1000,0,1000
279,apple_fuji_L_84-28_3FR90,high,0,1000,0,1000
280,apple_fuji_L_84-29_4DI45,high,0,1000,0,1000
281,apple_fuji_L_84-2_2FR45,high,0,1000,0,1000
282,apple_fuji_L_84-30_5DI90,high,0,1000,0,1000
283,apple_fuji_L_84-31_1TOP,high,0,1000,0,1000
284,apple_fuji_L_84-32_2FR45,high,0,1000,0,1000
285,apple_fuji_L_84-33_3FR90,high,0,1000,0,1000
286,apple_fuji_L_84-34_4DI45,high,0,1000,0,1000
287,apple_fuji_L_84-35_5DI90,high,0,1000,0,1000
288,apple_fuji_L_84-36_1TOP,high,0,1000,0,1000
289,apple_fuji_L_84-37_2FR45,high,0,1000,0,1000
290,apple_fuji_L_84-38_3FR90,high,0,1000,0,1000
291,apple_fuji_L_84-39_4DI45,high,0,1000,0,1000
292,apple_fuji_L_84-3_3FR90,high,0,1000,0,1000
293,apple_fuji_L_84-40_5DI90,high,0,1000,0,1000
294,apple_fuji_L_84-4_4DI45,high,0,1000,0,1000
295,apple_fuji_L_84-5_5DI90,high,0,1000,0,1000
296,apple_fuji_L_84-6_1TOP,high,0,1000,0,1000
297,apple_fuji_L_84-7_2FR45,high,0,1000,0,1000
298,apple_fuji_L_84-8_3FR90,high,0,1000,0,1000
299,apple_fuji_L_84-9_4DI45,high,0,1000,0,1000
300,apple_fuji_L_85-10_5DI90,high,0,1000,0,1000
301,apple_fuji_L_85-11_1TOP,high,0,1000,0,1000
302,apple_fuji_L_85-12_2FR45,high,0,1000,0,1000
303,apple_fuji_L_85-13_3FR90,high,0,1000,0,1000
304,apple_fuji_L_85-14_4DI45,high,0,1000,0,1000
305,apple_fuji_L_85-15_5DI90,high,0,1000,0,1000
306,apple_fuji_L_85-16_1TOP,high,0,1000,0,1000
307,apple_fuji_L_85-17_2FR45,high,0,1000,0,1000
308,apple_fuji_L_85-18_3FR90,high,0,1000,0,1000
309,apple_fuji_L_85-19_4DI45,high,0,1000,0,1000
310,apple_fuji_L_85-1_1TOP,high,0,1000,0,1000
311,apple_fuji_L_85-20_5DI90,high,0,1000,0,1000
312,apple_fuji_L_85-21_1TOP,high,0,1000,0,1000
313,apple_fuji_L_85-22_2FR45,high,0,1000,0,1000
314,apple_fuji_L_85-23_3FR90,high,0,1000,0,1000
315,apple_fuji_L_85-24_4DI45,high,0,1000,0,1000
316,apple_fuji_L_85-25_5DI90,high,0,1000,0,1000
317,apple_fuji_L_85-26_1TOP,high,0,1000,0,1000
318,apple_fuji_L_85-27_2FR45,high,0,1000,0,1000
319,apple_fuji_L_85-28_3FR90,high,0,1000,0,1000
320,apple_fuji_L_85-29_4DI45,high,0,1000,0,1000
321,apple_fuji_L_85-2_2FR45,high,0,1000,0,1000
322,apple_fuji_L_85-30_5DI90,high,0,1000,0,1000
323,apple_fuji_L_85-31_1TOP,high,0,1000,0,1000
324,apple_fuji_L_85-32_2FR45,high,0,1000,0,1000
325,apple_fuji_L_85-33_3FR90,high,0,1000,0,1000
326,apple_fuji_L_85-34_4DI45,high,0,1000,0,1000
327,apple_fuji_L_85-35_5DI90,high,0,1000,0,1000
328,apple_fuji_L_85-36_1TOP,high,0,1000,0,1000
329,apple_fuji_L_85-37_2FR45,high,0,1000,0,1000
330,apple_fuji_L_85-38_3FR90,high,0,1000,0,1000
331,apple_fuji_L_85-39_4DI45,high,0,1000,0,1000
332,apple_fuji_L_85-3_3FR90,high,0,1000,0,1000
333,apple_fuji_L_85-40_5DI90,high,0,1000,0,1000
334,apple_fuji_L_85-4_4DI45,high,0,1000,0,1000
335,apple_fuji_L_85-5_5DI90,high,0,1000,0,1000
336,apple_fuji_L_85-6_1TOP,high,0,1000,0,1000
337,apple_fuji_L_85-7_2FR45,high,0,1000,0,1000
338,apple_fuji_L_85-8_3FR90,high,0,1000,0,1000
339,apple_fuji_L_85-9_4DI45,high,0,1000,0,1000
340,apple_fuji_M_77-21_1TOP,medium,0,1000,0,1000
341,apple_fuji_M_77-22_2FR45,medium,0,1000,0,1000
342,apple_fuji_M_77-23_3FR90,medium,0,1000,0,1000
343,apple_fuji_M_77-24_4DI45,medium,0,1000,0,1000
344,apple_fuji_M_77-25_5DI90,medium,0,1000,0,1000
345,apple_fuji_M_77-26_1TOP,medium,0,1000,0,1000
346,apple_fuji_M_77-27_2FR45,medium,0,1000,0,1000
347,apple_fuji_M_77-28_3FR90,medium,0,1000,0,1000
348,apple_fuji_M_77-29_4DI45,medium,0,1000,0,1000
349,apple_fuji_M_77-30_5DI90,medium,0,1000,0,1000
350,apple_fuji_M_77-31_1TOP,medium,0,1000,0,1000
351,apple_fuji_M_77-32_2FR45,medium,0,1000,0,1000
352,apple_fuji_M_77-33_3FR90,medium,0,1000,0,1000
353,apple_fuji_M_77-34_4DI45,medium,0,1000,0,1000
354,apple_fuji_M_77-35_5DI90,medium,0,1000,0,1000
355,apple_fuji_M_77-36_1TOP,medium,0,1000,0,1000
356,apple_fuji_M_77-37_2FR45,medium,0,1000,0,1000
357,apple_fuji_M_77-38_3FR90,medium,0,1000,0,1000
358,apple_fuji_M_77-39_4DI45,medium,0,1000,0,1000
359,apple_fuji_M_77-40_5DI90,medium,0,1000,0,1000
360,apple_fuji_M_78-10_5DI90,medium,0,1000,0,1000
361,apple_fuji_M_78-11_1TOP,medium,0,1000,0,1000
362,apple_fuji_M_78-12_2FR45,medium,0,1000,0,1000
363,apple_fuji_M_78-13_3FR90,medium,0,1000,0,1000
364,apple_fuji_M_78-14_4DI45,medium,0,1000,0,1000
365,apple_fuji_M_78-15_5DI90,medium,0,1000,0,1000
366,apple_fuji_M_78-16_1TOP,medium,0,1000,0,1000
367,apple_fuji_M_78-17_2FR45,medium,0,1000,0,1000
368,apple_fuji_M_78-18_3FR90,medium,0,1000,0,1000
369,apple_fuji_M_78-19_4DI45,medium,0,1000,0,1000
370,apple_fuji_M_78-1_1TOP,medium,0,1000,0,1000
371,apple_fuji_M_78-20_5DI90,medium,0,1000,0,1000
372,apple_fuji_M_78-21_1TOP,medium,0,1000,0,1000
373,apple_fuji_M_78-22_2FR45,medium,0,1000,0,1000
374,apple_fuji_M_78-23_3FR90,medium,0,1000,0,1000
375,apple_fuji_M_78-24_4DI45,medium,0,1000,0,1000
376,apple_fuji_M_78-25_5DI90,medium,0,1000,0,1000
377,apple_fuji_M_78-26_1TOP,medium,0,1000,0,1000
378,apple_fuji_M_78-27_2FR45,medium,0,1000,0,1000
379,apple_fuji_M_78-28_3FR90,medium,0,1000,0,1000
380,apple_fuji_M_78-29_4DI45,medium,0,1000,0,1000
381,apple_fuji_M_78-2_2FR45,medium,0,1000,0,1000
382,apple_fuji_M_78-30_5DI90,medium,0,1000,0,1000
383,apple_fuji_M_78-31_1TOP,medium,0,1000,0,1000
384,apple_fuji_M_78-32_2FR45,medium,0,1000,0,1000
385,apple_fuji_M_78-33_3FR90,medium,0,1000,0,1000
386,apple_fuji_M_78-34_4DI45,medium,0,1000,0,1000
387,apple_fuji_M_78-35_5DI90,medium,0,1000,0,1000
388,apple_fuji_M_78-36_1TOP,medium,0,1000,0,1000
389,apple_fuji_M_78-37_2FR45,medium,0,1000,0,1000
390,apple_fuji_M_78-38_3FR90,medium,0,1000,0,1000
391,apple_fuji_M_78-39_4DI45,medium,0,1000,0,1000
392,apple_fuji_M_78-3_3FR90,medium,0,1000,0,1000
393,apple_fuji_M_78-40_5DI90,medium,0,1000,0,1000
394,apple_fuji_M_78-4_4DI45,medium,0,1000,0,1000
395,apple_fuji_M_78-5_5DI90,medium,0,1000,0,1000
396,apple_fuji_M_78-6_1TOP,medium,0,1000,0,1000
397,apple_fuji_M_78-7_2FR45,medium,0,1000,0,1000
398,apple_fuji_M_78-8_3FR90,medium,0,1000,0,1000
399,apple_fuji_M_78-9_4DI45,medium,0,1000,0,1000
400,apple_fuji_M_79-10_5DI90,medium,0,1000,0,1000
401,apple_fuji_M_79-11_1TOP,medium,0,1000,0,1000
402,apple_fuji_M_79-12_2FR45,medium,0,1000,0,1000
403,apple_fuji_M_79-13_3FR90,medium,0,1000,0,1000
404,apple_fuji_M_79-14_4DI45,medium,0,1000,0,1000
405,apple_fuji_M_79-15_5DI90,medium,0,1000,0,1000
406,apple_fuji_M_79-16_1TOP,medium,0,1000,0,1000
407,apple_fuji_M_79-17_2FR45,medium,0,1000,0,1000
408,apple_fuji_M_79-18_3FR90,medium,0,1000,0,1000
409,apple_fuji_M_79-19_4DI45,medium,0,1000,0,1000
410,apple_fuji_M_79-1_1TOP,medium,0,1000,0,1000
411,apple_fuji_M_79-20_5DI90,medium,0,1000,0,1000
412,apple_fuji_M_79-21_1TOP,medium,0,1000,0,1000
413,apple_fuji_M_79-22_2FR45,medium,0,1000,0,1000
414,apple_fuji_M_79-23_3FR90,medium,0,1000,0,1000
415,apple_fuji_M_79-24_4DI45,medium,0,1000,0,1000
416,apple_fuji_M_79-25_5DI90,medium,0,1000,0,1000
417,apple_fuji_M_79-26_1TOP,medium,0,1000,0,1000
418,apple_fuji_M_79-27_2FR45,medium,0,1000,0,1000
419,apple_fuji_M_79-28_3FR90,medium,0,1000,0,1000
420,apple_fuji_M_79-29_4DI45,medium,0,1000,0,1000
421,apple_fuji_M_79-2_2FR45,medium,0,1000,0,1000
422,apple_fuji_M_79-30_5DI90,medium,0,1000,0,1000
423,apple_fuji_M_79-31_1TOP,medium,0,1000,0,1000
424,apple_fuji_M_79-32_2FR45,medium,0,1000,0,1000
425,apple_fuji_M_79-33_3FR90,medium,0,1000,0,1000
426,apple_fuji_M_79-34_4DI45,medium,0,1000,0,1000
427,apple_fuji_M_79-35_5DI90,medium,0,1000,0,1000
428,apple_fuji_M_79-36_1TOP,medium,0,1000,0,1000
429,apple_fuji_M_79-37_2FR45,medium,0,1000,0,1000
430,apple_fuji_M_79-38_3FR90,medium,0,1000,0,1000
431,apple_fuji_M_79-39_4DI45,medium,0,1000,0,1000
432,apple_fuji_M_79-3_3FR90,medium,0,1000,0,1000
433,apple_fuji_M_79-40_5DI90,medium,0,1000,0,1000
434,apple_fuji_M_79-4_4DI45,medium,0,1000,0,1000
435,apple_fuji_M_79-5_5DI90,medium,0,1000,0,1000
436,apple_fuji_M_79-6_1TOP,medium,0,1000,0,1000
437,apple_fuji_M_79-7_2FR45,medium,0,1000,0,1000
438,apple_fuji_M_79-8_3FR90,medium,0,1000,0,1000
439,apple_fuji_M_79-9_4DI45,medium,0,1000,0,1000
440,apple_fuji_M_80-10_5DI90,medium,0,1000,0,1000
441,apple_fuji_M_80-11_1TOP,medium,0,1000,0,1000
442,apple_fuji_M_80-12_2FR45,medium,0,1000,0,1000
443,apple_fuji_M_80-13_3FR90,medium,0,1000,0,1000
444,apple_fuji_M_80-14_4DI45,medium,0,1000,0,1000
445,apple_fuji_M_80-15_5DI90,medium,0,1000,0,1000
446,apple_fuji_M_80-16_1TOP,medium,0,1000,0,1000
447,apple_fuji_M_80-17_2FR45,medium,0,1000,0,1000
448,apple_fuji_M_80-18_3FR90,medium,0,1000,0,1000
449,apple_fuji_M_80-19_4DI45,medium,0,1000,0,1000
450,apple_fuji_M_80-1_1TOP,medium,0,1000,0,1000
451,apple_fuji_M_80-20_5DI90,medium,0,1000,0,1000
452,apple_fuji_M_80-21_1TOP,medium,0,1000,0,1000
453,apple_fuji_M_80-22_2FR45,medium,0,1000,0,1000
454,apple_fuji_M_80-23_3FR90,medium,0,1000,0,1000
455,apple_fuji_M_80-24_4DI45,medium,0,1000,0,1000
456,apple_fuji_M_80-25_5DI90,medium,0,1000,0,1000
457,apple_fuji_M_80-26_1TOP,medium,0,1000,0,1000
458,apple_fuji_M_80-27_2FR45,medium,0,1000,0,1000
459,apple_fuji_M_80-28_3FR90,medium,0,1000,0,1000
460,apple_fuji_M_80-29_4DI45,medium,0,1000,0,1000
461,apple_fuji_M_80-2_2FR45,medium,0,1000,0,1000
462,apple_fuji_M_80-30_5DI90,medium,0,1000,0,1000
463,apple_fuji_M_80-31_1TOP,medium,0,1000,0,1000
464,apple_fuji_M_80-32_2FR45,medium,0,1000,0,1000
465,apple_fuji_M_80-33_3FR90,medium,0,1000,0,1000
466,apple_fuji_M_80-34_4DI45,medium,0,1000,0,1000
467,apple_fuji_M_80-35_5DI90,medium,0,1000,0,1000
468,apple_fuji_M_80-36_1TOP,medium,0,1000,0,1000
469,apple_fuji_M_80-37_2FR45,medium,0,1000,0,1000
470,apple_fuji_M_80-38_3FR90,medium,0,1000,0,1000
471,apple_fuji_M_80-39_4DI45,medium,0,1000,0,1000
472,apple_fuji_M_80-3_3FR90,medium,0,1000,0,1000
473,apple_fuji_M_80-40_5DI90,medium,0,1000,0,1000
474,apple_fuji_M_80-4_4DI45,medium,0,1000,0,1000
475,apple_fuji_M_80-5_5DI90,medium,0,1000,0,1000
476,apple_fuji_M_80-6_1TOP,medium,0,1000,0,1000
477,apple_fuji_M_80-7_2FR45,medium,0,1000,0,1000
478,apple_fuji_M_80-8_3FR90,medium,0,1000,0,1000
479,apple_fuji_M_80-9_4DI45,medium,0,1000,0,1000
480,apple_fuji_M_81-10_5DI90,medium,0,1000,0,1000
481,apple_fuji_M_81-11_1TOP,medium,0,1000,0,1000
482,apple_fuji_M_81-12_2FR45,medium,0,1000,0,1000
483,apple_fuji_M_81-13_3FR90,medium,0,1000,0,1000
484,apple_fuji_M_81-14_4DI45,medium,0,1000,0,1000
485,apple_fuji_M_81-15_5DI90,medium,0,1000,0,1000
486,apple_fuji_M_81-16_1TOP,medium,0,1000,0,1000
487,apple_fuji_M_81-17_2FR45,medium,0,1000,0,1000
488,apple_fuji_M_81-18_3FR90,medium,0,1000,0,1000
489,apple_fuji_M_81-19_4DI45,medium,0,1000,0,1000
490,apple_fuji_M_81-1_1TOP,medium,0,1000,0,1000
491,apple_fuji_M_81-20_5DI90,medium,0,1000,0,1000
492,apple_fuji_M_81-21_1TOP,medium,0,1000,0,1000
493,apple_fuji_M_81-22_2FR45,medium,0,1000,0,1000
494,apple_fuji_M_81-23_3FR90,medium,0,1000,0,1000
495,apple_fuji_M_81-24_4DI45,medium,0,1000,0,1000
496,apple_fuji_M_81-25_5DI90,medium,0,1000,0,1000
497,apple_fuji_M_81-26_1TOP,medium,0,1000,0,1000
498,apple_fuji_M_81-27_2FR45,medium,0,1000,0,1000
499,apple_fuji_M_81-28_3FR90,medium,0,1000,0,1000
500,apple_fuji_M_81-29_4DI45,medium,0,1000,0,1000
501,apple_fuji_M_81-2_2FR45,medium,0,1000,0,1000
502,apple_fuji_M_81-30_5DI90,medium,0,1000,0,1000
503,apple_fuji_M_81-31_1TOP,medium,0,1000,0,1000
504,apple_fuji_M_81-32_2FR45,medium,0,1000,0,1000
505,apple_fuji_M_81-33_3FR90,medium,0,1000,0,1000
506,apple_fuji_M_81-34_4DI45,medium,0,1000,0,1000
507,apple_fuji_M_81-35_5DI90,medium,0,1000,0,1000
508,apple_fuji_M_81-36_1TOP,medium,0,1000,0,1000
509,apple_fuji_M_81-37_2FR45,medium,0,1000,0,1000
510,apple_fuji_M_81-38_3FR90,medium,0,1000,0,1000
511,apple_fuji_M_81-39_4DI45,medium,0,1000,0,1000
512,apple_fuji_M_81-3_3FR90,medium,0,1000,0,1000
513,apple_fuji_M_81-40_5DI90,medium,0,1000,0,1000
514,apple_fuji_M_81-4_4DI45,medium,0,1000,0,1000
515,apple_fuji_M_81-5_5DI90,medium,0,1000,0,1000
516,apple_fuji_M_81-6_1TOP,medium,0,1000,0,1000
517,apple_fuji_M_81-7_2FR45,medium,0,1000,0,1000
518,apple_fuji_M_81-8_3FR90,medium,0,1000,0,1000
519,apple_fuji_M_81-9_4DI45,medium,0,1000,0,1000
520,apple_fuji_M_82-10_5DI90,medium,0,1000,0,1000
521,apple_fuji_M_82-11_1TOP,medium,0,1000,0,1000
522,apple_fuji_M_82-12_2FR45,medium,0,1000,0,1000
523,apple_fuji_M_82-13_3FR90,medium,0,1000,0,1000
524,apple_fuji_M_82-14_4DI45,medium,0,1000,0,1000
525,apple_fuji_M_82-15_5DI90,medium,0,1000,0,1000
526,apple_fuji_M_82-16_1TOP,medium,0,1000,0,1000
527,apple_fuji_M_82-17_2FR45,medium,0,1000,0,1000
528,apple_fuji_M_82-18_3FR90,medium,0,1000,0,1000
529,apple_fuji_M_82-19_4DI45,medium,0,1000,0,1000
530,apple_fuji_M_82-1_1TOP,medium,0,1000,0,1000
531,apple_fuji_M_82-20_5DI90,medium,0,1000,0,1000
532,apple_fuji_M_82-21_1TOP,medium,0,1000,0,1000
533,apple_fuji_M_82-22_2FR45,medium,0,1000,0,1000
534,apple_fuji_M_82-23_3FR90,medium,0,1000,0,1000
535,apple_fuji_M_82-24_4DI45,medium,0,1000,0,1000
536,apple_fuji_M_82-25_5DI90,medium,0,1000,0,1000
537,apple_fuji_M_82-26_1TOP,medium,0,1000,0,1000
538,apple_fuji_M_82-27_2FR45,medium,0,1000,0,1000
539,apple_fuji_M_82-28_3FR90,medium,0,1000,0,1000
540,apple_fuji_M_82-29_4DI45,medium,0,1000,0,1000
541,apple_fuji_M_82-2_2FR45,medium,0,1000,0,1000
542,apple_fuji_M_82-30_5DI90,medium,0,1000,0,1000
543,apple_fuji_M_82-31_1TOP,medium,0,1000,0,1000
544,apple_fuji_M_82-32_2FR45,medium,0,1000,0,1000
545,apple_fuji_M_82-33_3FR90,medium,0,1000,0,1000
546,apple_fuji_M_82-34_4DI45,medium,0,1000,0,1000
547,apple_fuji_M_82-35_5DI90,medium,0,1000,0,1000
548,apple_fuji_M_82-36_1TOP,medium,0,1000,0,1000
549,apple_fuji_M_82-37_2FR45,medium,0,1000,0,1000
550,apple_fuji_M_82-38_3FR90,medium,0,1000,0,1000
551,apple_fuji_M_82-39_4DI45,medium,0,1000,0,1000
552,apple_fuji_M_82-3_3FR90,medium,0,1000,0,1000
553,apple_fuji_M_82-40_5DI90,medium,0,1000,0,1000
554,apple_fuji_M_82-4_4DI45,medium,0,1000,0,1000
555,apple_fuji_M_82-5_5DI90,medium,0,1000,0,1000
556,apple_fuji_M_82-6_1TOP,medium,0,1000,0,1000
557,apple_fuji_M_82-7_2FR45,medium,0,1000,0,1000
558,apple_fuji_M_82-8_3FR90,medium,0,1000,0,1000
559,apple_fuji_M_82-9_4DI45,medium,0,1000,0,1000
560,apple_fuji_M_83-10_5DI90,medium,0,1000,0,1000
561,apple_fuji_M_83-11_1TOP,medium,0,1000,0,1000
562,apple_fuji_M_83-12_2FR45,medium,0,1000,0,1000
563,apple_fuji_M_83-13_3FR90,medium,0,1000,0,1000
564,apple_fuji_M_83-14_4DI45,medium,0,1000,0,1000
565,apple_fuji_M_83-15_5DI90,medium,0,1000,0,1000
566,apple_fuji_M_83-16_1TOP,medium,0,1000,0,1000
567,apple_fuji_M_83-17_2FR45,medium,0,1000,0,1000
568,apple_fuji_M_83-18_3FR90,medium,0,1000,0,1000
569,apple_fuji_M_83-19_4DI45,medium,0,1000,0,1000
570,apple_fuji_M_83-1_1TOP,medium,0,1000,0,1000
571,apple_fuji_M_83-20_5DI90,medium,0,1000,0,1000
572,apple_fuji_M_83-21_1TOP,medium,0,1000,0,1000
573,apple_fuji_M_83-22_2FR45,medium,0,1000,0,1000
574,apple_fuji_M_83-23_3FR90,medium,0,1000,0,1000
575,apple_fuji_M_83-24_4DI45,medium,0,1000,0,1000
576,apple_fuji_M_83-25_5DI90,medium,0,1000,0,1000
577,apple_fuji_M_83-26_1TOP,medium,0,1000,0,1000
578,apple_fuji_M_83-27_2FR45,medium,0,1000,0,1000
579,apple_fuji_M_83-28_3FR90,medium,0,1000,0,1000
580,apple_fuji_M_83-29_4DI45,medium,0,1000,0,1000
581,apple_fuji_M_83-2_2FR45,medium,0,1000,0,1000
582,apple_fuji_M_83-30_5DI90,medium,0,1000,0,1000
583,apple_fuji_M_83-31_1TOP,medium,0,1000,0,1000
584,apple_fuji_M_83-32_2FR45,medium,0,1000,0,1000
585,apple_fuji_M_83-33_3FR90,medium,0,1000,0,1000
586,apple_fuji_M_83-34_4DI45,medium,0,1000,0,1000
587,apple_fuji_M_83-35_5DI90,medium,0,1000,0,1000
588,apple_fuji_M_83-36_1TOP,medium,0,1000,0,1000
589,apple_fuji_M_83-37_2FR45,medium,0,1000,0,1000
590,apple_fuji_M_83-38_3FR90,medium,0,1000,0,1000
591,apple_fuji_M_83-39_4DI45,medium,0,1000,0,1000
592,apple_fuji_M_83-3_3FR90,medium,0,1000,0,1000
593,apple_fuji_M_83-40_5DI90,medium,0,1000,0,1000
594,apple_fuji_M_83-4_4DI45,medium,0,1000,0,1000
595,apple_fuji_M_83-5_5DI90,medium,0,1000,0,1000
596,apple_fuji_M_83-6_1TOP,medium,0,1000,0,1000
597,apple_fuji_M_83-7_2FR45,medium,0,1000,0,1000
598,apple_fuji_M_83-8_3FR90,medium,0,1000,0,1000
599,apple_fuji_M_83-9_4DI45,medium,0,1000,0,1000
600,apple_fuji_M_84-10_5DI90,medium,0,1000,0,1000
601,apple_fuji_M_84-11_1TOP,medium,0,1000,0,1000
602,apple_fuji_M_84-12_2FR45,medium,0,1000,0,1000
603,apple_fuji_M_84-13_3FR90,medium,0,1000,0,1000
604,apple_fuji_M_84-14_4DI45,medium,0,1000,0,1000
605,apple_fuji_M_84-15_5DI90,medium,0,1000,0,1000
606,apple_fuji_M_84-16_1TOP,medium,0,1000,0,1000
607,apple_fuji_M_84-17_2FR45,medium,0,1000,0,1000
608,apple_fuji_M_84-18_3FR90,medium,0,1000,0,1000
609,apple_fuji_M_84-19_4DI45,medium,0,1000,0,1000
610,apple_fuji_M_84-1_1TOP,medium,0,1000,0,1000
611,apple_fuji_M_84-20_5DI90,medium,0,1000,0,1000
612,apple_fuji_M_84-21_1TOP,medium,0,1000,0,1000
613,apple_fuji_M_84-22_2FR45,medium,0,1000,0,1000
614,apple_fuji_M_84-23_3FR90,medium,0,1000,0,1000
615,apple_fuji_M_84-24_4DI45,medium,0,1000,0,1000
616,apple_fuji_M_84-25_5DI90,medium,0,1000,0,1000
617,apple_fuji_M_84-26_1TOP,medium,0,1000,0,1000
618,apple_fuji_M_84-27_2FR45,medium,0,1000,0,1000
619,apple_fuji_M_84-28_3FR90,medium,0,1000,0,1000
620,apple_fuji_M_84-29_4DI45,medium,0,1000,0,1000
621,apple_fuji_M_84-2_2FR45,medium,0,1000,0,1000
622,apple_fuji_M_84-30_5DI90,medium,0,1000,0,1000
623,apple_fuji_M_84-31_1TOP,medium,0,1000,0,1000
624,apple_fuji_M_84-32_2FR45,medium,0,1000,0,1000
625,apple_fuji_M_84-33_3FR90,medium,0,1000,0,1000
626,apple_fuji_M_84-34_4DI45,medium,0,1000,0,1000
627,apple_fuji_M_84-35_5DI90,medium,0,1000,0,1000
628,apple_fuji_M_84-36_1TOP,medium,0,1000,0,1000
629,apple_fuji_M_84-37_2FR45,medium,0,1000,0,1000
630,apple_fuji_M_84-38_3FR90,medium,0,1000,0,1000
631,apple_fuji_M_84-39_4DI45,medium,0,1000,0,1000
632,apple_fuji_M_84-3_3FR90,medium,0,1000,0,1000
633,apple_fuji_M_84-40_5DI90,medium,0,1000,0,1000
634,apple_fuji_M_84-4_4DI45,medium,0,1000,0,1000
635,apple_fuji_M_84-5_5DI90,medium,0,1000,0,1000
636,apple_fuji_M_84-6_1TOP,medium,0,1000,0,1000
637,apple_fuji_M_84-7_2FR45,medium,0,1000,0,1000
638,apple_fuji_M_84-8_3FR90,medium,0,1000,0,1000
639,apple_fuji_M_84-9_4DI45,medium,0,1000,0,1000
640,apple_fuji_M_85-10_5DI90,medium,0,1000,0,1000
641,apple_fuji_M_85-11_1TOP,medium,0,1000,0,1000
642,apple_fuji_M_85-12_2FR45,medium,0,1000,0,1000
643,apple_fuji_M_85-13_3FR90,medium,0,1000,0,1000
644,apple_fuji_M_85-14_4DI45,medium,0,1000,0,1000
645,apple_fuji_M_85-15_5DI90,medium,0,1000,0,1000
646,apple_fuji_M_85-16_1TOP,medium,0,1000,0,1000
647,apple_fuji_M_85-17_2FR45,medium,0,1000,0,1000
648,apple_fuji_M_85-18_3FR90,medium,0,1000,0,1000
649,apple_fuji_M_85-19_4DI45,medium,0,1000,0,1000
650,apple_fuji_M_85-1_1TOP,medium,0,1000,0,1000
651,apple_fuji_M_85-20_5DI90,medium,0,1000,0,1000
652,apple_fuji_M_85-21_1TOP,medium,0,1000,0,1000
653,apple_fuji_M_85-22_2FR45,medium,0,1000,0,1000
654,apple_fuji_M_85-23_3FR90,medium,0,1000,0,1000
655,apple_fuji_M_85-24_4DI45,medium,0,1000,0,1000
656,apple_fuji_M_85-25_5DI90,medium,0,1000,0,1000
657,apple_fuji_M_85-26_1TOP,medium,0,1000,0,1000
658,apple_fuji_M_85-27_2FR45,medium,0,1000,0,1000
659,apple_fuji_M_85-28_3FR90,medium,0,1000,0,1000
660,apple_fuji_M_85-29_4DI45,medium,0,1000,0,1000
661,apple_fuji_M_85-2_2FR45,medium,0,1000,0,1000
662,apple_fuji_M_85-30_5DI90,medium,0,1000,0,1000
663,apple_fuji_M_85-31_1TOP,medium,0,1000,0,1000
664,apple_fuji_M_85-32_2FR45,medium,0,1000,0,1000
665,apple_fuji_M_85-33_3FR90,medium,0,1000,0,1000
666,apple_fuji_M_85-34_4DI45,medium,0,1000,0,1000
667,apple_fuji_M_85-35_5DI90,medium,0,1000,0,1000
668,apple_fuji_M_85-36_1TOP,medium,0,1000,0,1000
669,apple_fuji_M_85-37_2FR45,medium,0,1000,0,1000
670,apple_fuji_M_85-38_3FR90,medium,0,1000,0,1000
671,apple_fuji_M_85-39_4DI45,medium,0,1000,0,1000
672,apple_fuji_M_85-3_3FR90,medium,0,1000,0,1000
673,apple_fuji_M_85-40_5DI90,medium,0,1000,0,1000
674,apple_fuji_M_85-4_4DI45,medium,0,1000,0,1000
675,apple_fuji_M_85-5_5DI90,medium,0,1000,0,1000
676,apple_fuji_M_85-6_1TOP,medium,0,1000,0,1000
677,apple_fuji_M_85-7_2FR45,medium,0,1000,0,1000
678,apple_fuji_M_85-8_3FR90,medium,0,1000,0,1000
679,apple_fuji_M_85-9_4DI45,medium,0,1000,0,1000
680,apple_fuji_S_77-21_1TOP,low,0,1000,0,1000
681,apple_fuji_S_77-22_2FR45,low,0,1000,0,1000
682,apple_fuji_S_77-23_3FR90,low,0,1000,0,1000
683,apple_fuji_S_77-24_4DI45,low,0,1000,0,1000
684,apple_fuji_S_77-25_5DI90,low,0,1000,0,1000
685,apple_fuji_S_77-26_1TOP,low,0,1000,0,1000
686,apple_fuji_S_77-27_2FR45,low,0,1000,0,1000
687,apple_fuji_S_77-28_3FR90,low,0,1000,0,1000
688,apple_fuji_S_77-29_4DI45,low,0,1000,0,1000
689,apple_fuji_S_77-30_5DI90,low,0,1000,0,1000
690,apple_fuji_S_77-31_1TOP,low,0,1000,0,1000
691,apple_fuji_S_77-32_2FR45,low,0,1000,0,1000
692,apple_fuji_S_77-33_3FR90,low,0,1000,0,1000
693,apple_fuji_S_77-34_4DI45,low,0,1000,0,1000
694,apple_fuji_S_77-35_5DI90,low,0,1000,0,1000
695,apple_fuji_S_77-36_1TOP,low,0,1000,0,1000
696,apple_fuji_S_77-37_2FR45,low,0,1000,0,1000
697,apple_fuji_S_77-38_3FR90,low,0,1000,0,1000
698,apple_fuji_S_77-39_4DI45,low,0,1000,0,1000
699,apple_fuji_S_77-40_5DI90,low,0,1000,0,1000
700,apple_fuji_S_78-10_5DI90,low,0,1000,0,1000
701,apple_fuji_S_78-11_1TOP,low,0,1000,0,1000
702,apple_fuji_S_78-12_2FR45,low,0,1000,0,1000
703,apple_fuji_S_78-13_3FR90,low,0,1000,0,1000
704,apple_fuji_S_78-14_4DI45,low,0,1000,0,1000
705,apple_fuji_S_78-15_5DI90,low,0,1000,0,1000
706,apple_fuji_S_78-16_1TOP,low,0,1000,0,1000
707,apple_fuji_S_78-17_2FR45,low,0,1000,0,1000
708,apple_fuji_S_78-18_3FR90,low,0,1000,0,1000
709,apple_fuji_S_78-19_4DI45,low,0,1000,0,1000
710,apple_fuji_S_78-1_1TOP,low,0,1000,0,1000
711,apple_fuji_S_78-20_5DI90,low,0,1000,0,1000
712,apple_fuji_S_78-21_1TOP,low,0,1000,0,1000
713,apple_fuji_S_78-22_2FR45,low,0,1000,0,1000
714,apple_fuji_S_78-23_3FR90,low,0,1000,0,1000
715,apple_fuji_S_78-24_4DI45,low,0,1000,0,1000
716,apple_fuji_S_78-25_5DI90,low,0,1000,0,1000
717,apple_fuji_S_78-26_1TOP,low,0,1000,0,1000
718,apple_fuji_S_78-27_2FR45,low,0,1000,0,1000
719,apple_fuji_S_78-28_3FR90,low,0,1000,0,1000
720,apple_fuji_S_78-29_4DI45,low,0,1000,0,1000
721,apple_fuji_S_78-2_2FR45,low,0,1000,0,1000
722,apple_fuji_S_78-30_5DI90,low,0,1000,0,1000
723,apple_fuji_S_78-31_1TOP,low,0,1000,0,1000
724,apple_fuji_S_78-32_2FR45,low,0,1000,0,1000
725,apple_fuji_S_78-33_3FR90,low,0,1000,0,1000
726,apple_fuji_S_78-34_4DI45,low,0,1000,0,1000
727,apple_fuji_S_78-35_5DI90,low,0,1000,0,1000
728,apple_fuji_S_78-36_1TOP,low,0,1000,0,1000
729,apple_fuji_S_78-37_2FR45,low,0,1000,0,1000
730,apple_fuji_S_78-38_3FR90,low,0,1000,0,1000
731,apple_fuji_S_78-39_4DI45,low,0,1000,0,1000
732,apple_fuji_S_78-3_3FR90,low,0,1000,0,1000
733,apple_fuji_S_78-40_5DI90,low,0,1000,0,1000
734,apple_fuji_S_78-4_4DI45,low,0,1000,0,1000
735,apple_fuji_S_78-5_5DI90,low,0,1000,0,1000
736,apple_fuji_S_78-6_1TOP,low,0,1000,0,1000
737,apple_fuji_S_78-7_2FR45,low,0,1000,0,1000
738,apple_fuji_S_78-8_3FR90,low,0,1000,0,1000
739,apple_fuji_S_78-9_4DI45,low,0,1000,0,1000
740,apple_fuji_S_79-10_5DI90,low,0,1000,0,1000
741,apple_fuji_S_79-11_1TOP,low,0,1000,0,1000
742,apple_fuji_S_79-12_2FR45,low,0,1000,0,1000
743,apple_fuji_S_79-13_3FR90,low,0,1000,0,1000
744,apple_fuji_S_79-14_4DI45,low,0,1000,0,1000
745,apple_fuji_S_79-15_5DI90,low,0,1000,0,1000
746,apple_fuji_S_79-16_1TOP,low,0,1000,0,1000
747,apple_fuji_S_79-17_2FR45,low,0,1000,0,1000
748,apple_fuji_S_79-18_3FR90,low,0,1000,0,1000
749,apple_fuji_S_79-19_4DI45,low,0,1000,0,1000
750,apple_fuji_S_79-1_1TOP,low,0,1000,0,1000
751,apple_fuji_S_79-20_5DI90,low,0,1000,0,1000
752,apple_fuji_S_79-21_1TOP,low,0,1000,0,1000
753,apple_fuji_S_79-22_2FR45,low,0,1000,0,1000
754,apple_fuji_S_79-23_3FR90,low,0,1000,0,1000
755,apple_fuji_S_79-24_4DI45,low,0,1000,0,1000
756,apple_fuji_S_79-25_5DI90,low,0,1000,0,1000
757,apple_fuji_S_79-26_1TOP,low,0,1000,0,1000
758,apple_fuji_S_79-27_2FR45,low,0,1000,0,1000
759,apple_fuji_S_79-28_3FR90,low,0,1000,0,1000
760,apple_fuji_S_79-29_4DI45,low,0,1000,0,1000
761,apple_fuji_S_79-2_2FR45,low,0,1000,0,1000
762,apple_fuji_S_79-30_5DI90,low,0,1000,0,1000
763,apple_fuji_S_79-31_1TOP,low,0,1000,0,1000
764,apple_fuji_S_79-32_2FR45,low,0,1000,0,1000
765,apple_fuji_S_79-33_3FR90,low,0,1000,0,1000
766,apple_fuji_S_79-34_4DI45,low,0,1000,0,1000
767,apple_fuji_S_79-35_5DI90,low,0,1000,0,1000
768,apple_fuji_S_79-36_1TOP,low,0,1000,0,1000
769,apple_fuji_S_79-37_2FR45,low,0,1000,0,1000
770,apple_fuji_S_79-38_3FR90,low,0,1000,0,1000
771,apple_fuji_S_79-39_4DI45,low,0,1000,0,1000
772,apple_fuji_S_79-3_3FR90,low,0,1000,0,1000
773,apple_fuji_S_79-40_5DI90,low,0,1000,0,1000
774,apple_fuji_S_79-4_4DI45,low,0,1000,0,1000
775,apple_fuji_S_79-5_5DI90,low,0,1000,0,1000
776,apple_fuji_S_79-6_1TOP,low,0,1000,0,1000
777,apple_fuji_S_79-7_2FR45,low,0,1000,0,1000
778,apple_fuji_S_79-8_3FR90,low,0,1000,0,1000
779,apple_fuji_S_79-9_4DI45,low,0,1000,0,1000
780,apple_fuji_S_80-10_5DI90,low,0,1000,0,1000
781,apple_fuji_S_80-11_1TOP,low,0,1000,0,1000
782,apple_fuji_S_80-12_2FR45,low,0,1000,0,1000
783,apple_fuji_S_80-13_3FR90,low,0,1000,0,1000
784,apple_fuji_S_80-14_4DI45,low,0,1000,0,1000
785,apple_fuji_S_80-15_5DI90,low,0,1000,0,1000
786,apple_fuji_S_80-16_1TOP,low,0,1000,0,1000
787,apple_fuji_S_80-17_2FR45,low,0,1000,0,1000
788,apple_fuji_S_80-18_3FR90,low,0,1000,0,1000
789,apple_fuji_S_80-19_4DI45,low,0,1000,0,1000
790,apple_fuji_S_80-1_1TOP,low,0,1000,0,1000
791,apple_fuji_S_80-20_5DI90,low,0,1000,0,1000
792,apple_fuji_S_80-21_1TOP,low,0,1000,0,1000
793,apple_fuji_S_80-22_2FR45,low,0,1000,0,1000
794,apple_fuji_S_80-23_3FR90,low,0,1000,0,1000
795,apple_fuji_S_80-24_4DI45,low,0,1000,0,1000
796,apple_fuji_S_80-25_5DI90,low,0,1000,0,1000
797,apple_fuji_S_80-26_1TOP,low,0,1000,0,1000
798,apple_fuji_S_80-27_2FR45,low,0,1000,0,1000
799,apple_fuji_S_80-28_3FR90,low,0,1000,0,1000
800,apple_fuji_S_80-29_4DI45,low,0,1000,0,1000
801,apple_fuji_S_80-2_2FR45,low,0,1000,0,1000
802,apple_fuji_S_80-30_5DI90,low,0,1000,0,1000
803,apple_fuji_S_80-31_1TOP,low,0,1000,0,1000
804,apple_fuji_S_80-32_2FR45,low,0,1000,0,1000
805,apple_fuji_S_80-33_3FR90,low,0,1000,0,1000
806,apple_fuji_S_80-34_4DI45,low,0,1000,0,1000
807,apple_fuji_S_80-35_5DI90,low,0,1000,0,1000
808,apple_fuji_S_80-36_1TOP,low,0,1000,0,1000
809,apple_fuji_S_80-37_2FR45,low,0,1000,0,1000
810,apple_fuji_S_80-38_3FR90,low,0,1000,0,1000
811,apple_fuji_S_80-39_4DI45,low,0,1000,0,1000
812,apple_fuji_S_80-3_3FR90,low,0,1000,0,1000
813,apple_fuji_S_80-40_5DI90,low,0,1000,0,1000
814,apple_fuji_S_80-4_4DI45,low,0,1000,0,1000
815,apple_fuji_S_80-5_5DI90,low,0,1000,0,1000
816,apple_fuji_S_80-6_1TOP,low,0,1000,0,1000
817,apple_fuji_S_80-7_2FR45,low,0,1000,0,1000
818,apple_fuji_S_80-8_3FR90,low,0,1000,0,1000
819,apple_fuji_S_80-9_4DI45,low,0,1000,0,1000
820,apple_fuji_S_81-10_5DI90,low,0,1000,0,1000
821,apple_fuji_S_81-11_1TOP,low,0,1000,0,1000
822,apple_fuji_S_81-12_2FR45,low,0,1000,0,1000
823,apple_fuji_S_81-13_3FR90,low,0,1000,0,1000
824,apple_fuji_S_81-14_4DI45,low,0,1000,0,1000
825,apple_fuji_S_81-15_5DI90,low,0,1000,0,1000
826,apple_fuji_S_81-16_1TOP,low,0,1000,0,1000
827,apple_fuji_S_81-17_2FR45,low,0,1000,0,1000
828,apple_fuji_S_81-18_3FR90,low,0,1000,0,1000
829,apple_fuji_S_81-19_4DI45,low,0,1000,0,1000
830,apple_fuji_S_81-1_1TOP,low,0,1000,0,1000
831,apple_fuji_S_81-20_5DI90,low,0,1000,0,1000
832,apple_fuji_S_81-21_1TOP,low,0,1000,0,1000
833,apple_fuji_S_81-22_2FR45,low,0,1000,0,1000
834,apple_fuji_S_81-23_3FR90,low,0,1000,0,1000
835,apple_fuji_S_81-24_4DI45,low,0,1000,0,1000
836,apple_fuji_S_81-25_5DI90,low,0,1000,0,1000
837,apple_fuji_S_81-26_1TOP,low,0,1000,0,1000
838,apple_fuji_S_81-27_2FR45,low,0,1000,0,1000
839,apple_fuji_S_81-28_3FR90,low,0,1000,0,1000
840,apple_fuji_S_81-29_4DI45,low,0,1000,0,1000
841,apple_fuji_S_81-2_2FR45,low,0,1000,0,1000
842,apple_fuji_S_81-30_5DI90,low,0,1000,0,1000
843,apple_fuji_S_81-31_1TOP,low,0,1000,0,1000
844,apple_fuji_S_81-32_2FR45,low,0,1000,0,1000
845,apple_fuji_S_81-33_3FR90,low,0,1000,0,1000
846,apple_fuji_S_81-34_4DI45,low,0,1000,0,1000
847,apple_fuji_S_81-35_5DI90,low,0,1000,0,1000
848,apple_fuji_S_81-36_1TOP,low,0,1000,0,1000
849,apple_fuji_S_81-37_2FR45,low,0,1000,0,1000
850,apple_fuji_S_81-38_3FR90,low,0,1000,0,1000
851,apple_fuji_S_81-39_4DI45,low,0,1000,0,1000
852,apple_fuji_S_81-3_3FR90,low,0,1000,0,1000
853,apple_fuji_S_81-40_5DI90,low,0,1000,0,1000
854,apple_fuji_S_81-4_4DI45,low,0,1000,0,1000
855,apple_fuji_S_81-5_5DI90,low,0,1000,0,1000
856,apple_fuji_S_81-6_1TOP,low,0,1000,0,1000
857,apple_fuji_S_81-7_2FR45,low,0,1000,0,1000
858,apple_fuji_S_81-8_3FR90,low,0,1000,0,1000
859,apple_fuji_S_81-9_4DI45,low,0,1000,0,1000
860,apple_fuji_S_82-10_5DI90,low,0,1000,0,1000
861,apple_fuji_S_82-11_1TOP,low,0,1000,0,1000
862,apple_fuji_S_82-12_2FR45,low,0,1000,0,1000
863,apple_fuji_S_82-13_3FR90,low,0,1000,0,1000
864,apple_fuji_S_82-14_4DI45,low,0,1000,0,1000
865,apple_fuji_S_82-15_5DI90,low,0,1000,0,1000
866,apple_fuji_S_82-16_1TOP,low,0,1000,0,1000
867,apple_fuji_S_82-17_2FR45,low,0,1000,0,1000
868,apple_fuji_S_82-18_3FR90,low,0,1000,0,1000
869,apple_fuji_S_82-19_4DI45,low,0,1000,0,1000
870,apple_fuji_S_82-1_1TOP,low,0,1000,0,1000
871,apple_fuji_S_82-20_5DI90,low,0,1000,0,1000
872,apple_fuji_S_82-21_1TOP,low,0,1000,0,1000
873,apple_fuji_S_82-22_2FR45,low,0,1000,0,1000
874,apple_fuji_S_82-23_3FR90,low,0,1000,0,1000
875,apple_fuji_S_82-24_4DI45,low,0,1000,0,1000
876,apple_fuji_S_82-25_5DI90,low,0,1000,0,1000
877,apple_fuji_S_82-26_1TOP,low,0,1000,0,1000
878,apple_fuji_S_82-27_2FR45,low,0,1000,0,1000
879,apple_fuji_S_82-28_3FR90,low,0,1000,0,1000
880,apple_fuji_S_82-29_4DI45,low,0,1000,0,1000
881,apple_fuji_S_82-2_2FR45,low,0,1000,0,1000
882,apple_fuji_S_82-30_5DI90,low,0,1000,0,1000
883,apple_fuji_S_82-31_1TOP,low,0,1000,0,1000
884,apple_fuji_S_82-32_2FR45,low,0,1000,0,1000
885,apple_fuji_S_82-33_3FR90,low,0,1000,0,1000
886,apple_fuji_S_82-34_4DI45,low,0,1000,0,1000
887,apple_fuji_S_82-35_5DI90,low,0,1000,0,1000
888,apple_fuji_S_82-36_1TOP,low,0,1000,0,1000
889,apple_fuji_S_82-37_2FR45,low,0,1000,0,1000
890,apple_fuji_S_82-38_3FR90,low,0,1000,0,1000
891,apple_fuji_S_82-39_4DI45,low,0,1000,0,1000
892,apple_fuji_S_82-3_3FR90,low,0,1000,0,1000
893,apple_fuji_S_82-40_5DI90,low,0,1000,0,1000
894,apple_fuji_S_82-4_4DI45,low,0,1000,0,1000
895,apple_fuji_S_82-5_5DI90,low,0,1000,0,1000
896,apple_fuji_S_82-6_1TOP,low,0,1000,0,1000
897,apple_fuji_S_82-7_2FR45,low,0,1000,0,1000
898,apple_fuji_S_82-8_3FR90,low,0,1000,0,1000
899,apple_fuji_S_82-9_4DI45,low,0,1000,0,1000
900,apple_fuji_S_83-10_5DI90,low,0,1000,0,1000
901,apple_fuji_S_83-11_1TOP,low,0,1000,0,1000
902,apple_fuji_S_83-12_2FR45,low,0,1000,0,1000
903,apple_fuji_S_83-13_3FR90,low,0,1000,0,1000
904,apple_fuji_S_83-14_4DI45,low,0,1000,0,1000
905,apple_fuji_S_83-15_5DI90,low,0,1000,0,1000
906,apple_fuji_S_83-16_1TOP,low,0,1000,0,1000
907,apple_fuji_S_83-17_2FR45,low,0,1000,0,1000
908,apple_fuji_S_83-18_3FR90,low,0,1000,0,1000
909,apple_fuji_S_83-19_4DI45,low,0,1000,0,1000
910,apple_fuji_S_83-1_1TOP,low,0,1000,0,1000
911,apple_fuji_S_83-20_5DI90,low,0,1000,0,1000
912,apple_fuji_S_83-21_1TOP,low,0,1000,0,1000
913,apple_fuji_S_83-22_2FR45,low,0,1000,0,1000
914,apple_fuji_S_83-23_3FR90,low,0,1000,0,1000
915,apple_fuji_S_83-24_4DI45,low,0,1000,0,1000
916,apple_fuji_S_83-25_5DI90,low,0,1000,0,1000
917,apple_fuji_S_83-26_1TOP,low,0,1000,0,1000
918,apple_fuji_S_83-27_2FR45,low,0,1000,0,1000
919,apple_fuji_S_83-28_3FR90,low,0,1000,0,1000
920,apple_fuji_S_83-29_4DI45,low,0,1000,0,1000
921,apple_fuji_S_83-2_2FR45,low,0,1000,0,1000
922,apple_fuji_S_83-30_5DI90,low,0,1000,0,1000
923,apple_fuji_S_83-31_1TOP,low,0,1000,0,1000
924,apple_fuji_S_83-32_2FR45,low,0,1000,0,1000
925,apple_fuji_S_83-33_3FR90,low,0,1000,0,1000
926,apple_fuji_S_83-34_4DI45,low,0,1000,0,1000
927,apple_fuji_S_83-35_5DI90,low,0,1000,0,1000
928,apple_fuji_S_83-36_1TOP,low,0,1000,0,1000
929,apple_fuji_S_83-37_2FR45,low,0,1000,0,1000
930,apple_fuji_S_83-38_3FR90,low,0,1000,0,1000
931,apple_fuji_S_83-39_4DI45,low,0,1000,0,1000
932,apple_fuji_S_83-3_3FR90,low,0,1000,0,1000
933,apple_fuji_S_83-40_5DI90,low,0,1000,0,1000
934,apple_fuji_S_83-4_4DI45,low,0,1000,0,1000
935,apple_fuji_S_83-5_5DI90,low,0,1000,0,1000
936,apple_fuji_S_83-6_1TOP,low,0,1000,0,1000
937,apple_fuji_S_83-7_2FR45,low,0,1000,0,1000
938,apple_fuji_S_83-8_3FR90,low,0,1000,0,1000
939,apple_fuji_S_83-9_4DI45,low,0,1000,0,1000
940,apple_fuji_S_84-10_5DI90,low,0,1000,0,1000
941,apple_fuji_S_84-11_1TOP,low,0,1000,0,1000
942,apple_fuji_S_84-12_2FR45,low,0,1000,0,1000
943,apple_fuji_S_84-13_3FR90,low,0,1000,0,1000
944,apple_fuji_S_84-14_4DI45,low,0,1000,0,1000
945,apple_fuji_S_84-15_5DI90,low,0,1000,0,1000
946,apple_fuji_S_84-16_1TOP,low,0,1000,0,1000
947,apple_fuji_S_84-17_2FR45,low,0,1000,0,1000
948,apple_fuji_S_84-18_3FR90,low,0,1000,0,1000
949,apple_fuji_S_84-19_4DI45,low,0,1000,0,1000
950,apple_fuji_S_84-1_1TOP,low,0,1000,0,1000
951,apple_fuji_S_84-20_5DI90,low,0,1000,0,1000
952,apple_fuji_S_84-21_1TOP,low,0,1000,0,1000
953,apple_fuji_S_84-22_2FR45,low,0,1000,0,1000
954,apple_fuji_S_84-23_3FR90,low,0,1000,0,1000
955,apple_fuji_S_84-24_4DI45,low,0,1000,0,1000
956,apple_fuji_S_84-25_5DI90,low,0,1000,0,1000
957,apple_fuji_S_84-26_1TOP,low,0,1000,0,1000
958,apple_fuji_S_84-27_2FR45,low,0,1000,0,1000
959,apple_fuji_S_84-28_3FR90,low,0,1000,0,1000
960,apple_fuji_S_84-29_4DI45,low,0,1000,0,1000
961,apple_fuji_S_84-2_2FR45,low,0,1000,0,1000
962,apple_fuji_S_84-30_5DI90,low,0,1000,0,1000
963,apple_fuji_S_84-31_1TOP,low,0,1000,0,1000
964,apple_fuji_S_84-32_2FR45,low,0,1000,0,1000
965,apple_fuji_S_84-33_3FR90,low,0,1000,0,1000
966,apple_fuji_S_84-34_4DI45,low,0,1000,0,1000
967,apple_fuji_S_84-35_5DI90,low,0,1000,0,1000
968,apple_fuji_S_84-36_1TOP,low,0,1000,0,1000
969,apple_fuji_S_84-37_2FR45,low,0,1000,0,1000
970,apple_fuji_S_84-38_3FR90,low,0,1000,0,1000
971,apple_fuji_S_84-39_4DI45,low,0,1000,0,1000
972,apple_fuji_S_84-3_3FR90,low,0,1000,0,1000
973,apple_fuji_S_84-40_5DI90,low,0,1000,0,1000
974,apple_fuji_S_84-4_4DI45,low,0,1000,0,1000
975,apple_fuji_S_84-5_5DI90,low,0,1000,0,1000
976,apple_fuji_S_84-6_1TOP,low,0,1000,0,1000
977,apple_fuji_S_84-7_2FR45,low,0,1000,0,1000
978,apple_fuji_S_84-8_3FR90,low,0,1000,0,1000
979,apple_fuji_S_84-9_4DI45,low,0,1000,0,1000
980,apple_fuji_S_85-10_5DI90,low,0,1000,0,1000
981,apple_fuji_S_85-11_1TOP,low,0,1000,0,1000
982,apple_fuji_S_85-12_2FR45,low,0,1000,0,1000
983,apple_fuji_S_85-13_3FR90,low,0,1000,0,1000
984,apple_fuji_S_85-14_4DI45,low,0,1000,0,1000
985,apple_fuji_S_85-15_5DI90,low,0,1000,0,1000
986,apple_fuji_S_85-16_1TOP,low,0,1000,0,1000
987,apple_fuji_S_85-17_2FR45,low,0,1000,0,1000
988,apple_fuji_S_85-18_3FR90,low,0,1000,0,1000
989,apple_fuji_S_85-19_4DI45,low,0,1000,0,1000
990,apple_fuji_S_85-1_1TOP,low,0,1000,0,1000
991,apple_fuji_S_85-20_5DI90,low,0,1000,0,1000
992,apple_fuji_S_85-21_1TOP,low,0,1000,0,1000
993,apple_fuji_S_85-22_2FR45,low,0,1000,0,1000
994,apple_fuji_S_85-23_3FR90,low,0,1000,0,1000
995,apple_fuji_S_85-24_4DI45,low,0,1000,0,1000
996,apple_fuji_S_85-25_5DI90,low,0,1000,0,1000
997,apple_fuji_S_85-26_1TOP,low,0,1000,0,1000
998,apple_fuji_S_85-27_2FR45,low,0,1000,0,1000
999,apple_fuji_S_85-28_3FR90,low,0,1000,0,1000
1000,apple_fuji_S_85-29_4DI45,low,0,1000,0,1000
1001,apple_fuji_S_85-2_2FR45,low,0,1000,0,1000
1002,apple_fuji_S_85-30_5DI90,low,0,1000,0,1000
1003,apple_fuji_S_85-31_1TOP,low,0,1000,0,1000
1004,apple_fuji_S_85-32_2FR45,low,0,1000,0,1000
1005,apple_fuji_S_85-33_3FR90,low,0,1000,0,1000
1006,apple_fuji_S_85-34_4DI45,low,0,1000,0,1000
1007,apple_fuji_S_85-35_5DI90,low,0,1000,0,1000
1008,apple_fuji_S_85-36_1TOP,low,0,1000,0,1000
1009,apple_fuji_S_85-37_2FR45,low,0,1000,0,1000
1010,apple_fuji_S_85-38_3FR90,low,0,1000,0,1000
1011,apple_fuji_S_85-39_4DI45,low,0,1000,0,1000
1012,apple_fuji_S_85-3_3FR90,low,0,1000,0,1000
1013,apple_fuji_S_85-40_5DI90,low,0,1000,0,1000
1014,apple_fuji_S_85-4_4DI45,low,0,1000,0,1000
1015,apple_fuji_S_85-5_5DI90,low,0,1000,0,1000
1016,apple_fuji_S_85-6_1TOP,low,0,1000,0,1000
1017,apple_fuji_S_85-7_2FR45,low,0,1000,0,1000
1018,apple_fuji_S_85-8_3FR90,low,0,1000,0,1000
1019,apple_fuji_S_85-9_4DI45,low,0,1000,0,1000
